feature,Coffiecients
bp,-0.008601917713137917
heart_rate,-0.011326136402954348
insulin_level,-0.002927322627460086
age,-0.004735082108456993
intercept,2.728882439684952
