feature,Coffiecients
bp,0.006882802968441935
heart_rate,0.025179307993608357
insulin_level,0.0010521400228001093
age,0.0016865698605503302
intercept,-3.5547198489978475
